filename,width,height,class,xmin,ymin,xmax,ymax
1.jpg,1080,607,gun,536,229,661,315
10.jpg,1080,607,gun,558,224,674,315
100.jpg,1080,607,gun,556,261,638,371
1000.jpg,1080,607,gun,406,208,531,389
1001.jpg,1080,607,gun,410,206,526,395
1002.jpg,1080,607,gun,413,201,527,387
1003.jpg,1080,607,gun,418,201,526,392
1004.jpg,1080,607,gun,412,199,527,382
1005.jpg,1080,607,gun,412,199,526,387
1006.jpg,1080,607,gun,418,199,522,381
1007.jpg,1080,607,gun,417,198,529,377
1008.jpg,1080,607,gun,421,199,525,385
1009.jpg,1080,607,gun,429,200,536,384
101.jpg,1080,607,gun,556,260,638,372
1010.jpg,1080,607,gun,433,198,533,382
1011.jpg,1080,607,gun,441,199,537,382
1012.jpg,1080,607,gun,438,195,533,393
1013.jpg,1080,607,gun,432,202,538,382
1014.jpg,1080,607,gun,433,201,538,381
1015.jpg,1080,607,gun,437,200,543,384
1016.jpg,1080,607,gun,449,205,543,390
1017.jpg,1080,607,gun,456,204,544,391
1018.jpg,1080,607,gun,458,210,547,392
1019.jpg,1080,607,gun,463,209,546,394
102.jpg,1080,607,gun,547,260,637,372
1020.jpg,1080,607,gun,468,210,555,398
1021.jpg,1080,607,gun,468,213,557,394
1022.jpg,1080,607,gun,471,215,551,402
1023.jpg,1080,607,gun,472,218,557,401
1024.jpg,1080,607,gun,471,219,559,405
1025.jpg,1080,607,gun,479,221,555,408
1026.jpg,1080,607,gun,478,222,558,403
1027.jpg,1080,607,gun,481,223,571,400
1028.jpg,1080,607,gun,488,224,568,405
1029.jpg,1080,607,gun,488,224,571,401
103.jpg,1080,607,gun,549,258,630,376
1030.jpg,1080,607,gun,490,222,567,400
1031.jpg,1080,607,gun,489,227,576,403
1032.jpg,1080,607,gun,493,224,569,418
1033.jpg,1080,607,gun,494,225,566,408
1034.jpg,1080,607,gun,498,225,573,408
1035.jpg,1080,607,gun,506,229,573,407
1036.jpg,1080,607,gun,501,228,579,409
1037.jpg,1080,607,gun,506,229,582,405
1038.jpg,1080,607,gun,504,231,583,412
1039.jpg,1080,607,gun,514,234,583,414
104.jpg,1080,607,gun,549,260,628,375
1040.jpg,1080,607,gun,520,233,586,415
1041.jpg,1080,607,gun,518,241,590,414
1042.jpg,1080,607,gun,522,241,593,417
1043.jpg,1080,607,gun,525,247,594,429
1044.jpg,1080,607,gun,523,248,611,420
1045.jpg,1080,607,gun,527,246,609,423
1046.jpg,1080,607,gun,523,250,622,434
1047.jpg,1080,607,gun,528,251,607,432
1048.jpg,1080,607,gun,529,251,607,425
1049.jpg,1080,607,gun,526,250,607,430
105.jpg,1080,607,gun,547,260,630,373
1050.jpg,1080,607,gun,526,249,609,430
1051.jpg,1080,607,gun,528,250,615,428
1052.jpg,1080,607,gun,522,251,615,436
1053.jpg,1080,607,gun,525,253,603,423
1054.jpg,1080,607,gun,527,252,602,428
1055.jpg,1080,607,gun,526,252,610,427
1056.jpg,1080,607,gun,521,251,612,431
1057.jpg,1080,607,gun,517,249,610,420
106.jpg,1080,607,gun,545,259,627,379
107.jpg,1080,607,gun,547,257,624,373
108.jpg,1080,607,gun,553,257,620,371
109.jpg,1080,607,gun,545,260,617,372
11.jpg,1080,607,gun,554,222,678,318
110.jpg,1080,607,gun,547,256,618,369
111.jpg,1080,607,gun,544,252,614,379
112.jpg,1080,607,gun,545,249,611,371
113.jpg,1080,607,gun,547,255,610,381
114.jpg,1080,607,gun,542,253,606,375
115.jpg,1080,607,gun,536,252,607,375
116.jpg,1080,607,gun,544,253,603,375
117.jpg,1080,607,gun,545,253,601,374
118.jpg,1080,607,gun,545,252,598,372
119.jpg,1080,607,gun,543,251,598,380
12.jpg,1080,607,gun,561,223,682,321
120.jpg,1080,607,gun,541,252,599,374
121.jpg,1080,607,gun,545,253,592,370
122.jpg,1080,607,gun,540,251,593,380
123.jpg,1080,607,gun,540,252,590,378
124.jpg,1080,607,gun,538,251,588,384
125.jpg,1080,607,gun,536,250,587,387
126.jpg,1080,607,gun,540,251,583,380
127.jpg,1080,607,gun,530,248,584,389
128.jpg,1080,607,gun,535,250,583,381
129.jpg,1080,607,gun,537,246,576,382
13.jpg,1080,607,gun,563,221,684,320
130.jpg,1080,607,gun,538,247,576,380
131.jpg,1080,607,gun,535,248,582,378
132.jpg,1080,607,gun,529,244,581,380
133.jpg,1080,607,gun,530,242,582,378
134.jpg,1080,607,gun,527,245,579,381
135.jpg,1080,607,gun,523,243,582,377
136.jpg,1080,607,gun,515,242,578,381
137.jpg,1080,607,gun,518,244,581,381
138.jpg,1080,607,gun,510,239,578,380
139.jpg,1080,607,gun,511,239,576,374
14.jpg,1080,607,gun,565,222,682,320
140.jpg,1080,607,gun,508,239,580,378
141.jpg,1080,607,gun,503,239,578,382
142.jpg,1080,607,gun,496,237,576,373
143.jpg,1080,607,gun,489,238,578,382
144.jpg,1080,607,gun,489,234,571,379
145.jpg,1080,607,gun,485,237,574,380
146.jpg,1080,607,gun,482,235,573,380
147.jpg,1080,607,gun,476,232,574,386
148.jpg,1080,607,gun,475,235,571,376
149.jpg,1080,607,gun,473,235,575,384
15.jpg,1080,607,gun,564,219,684,323
150.jpg,1080,607,gun,466,230,570,384
151.jpg,1080,607,gun,465,234,570,385
152.jpg,1080,607,gun,464,232,571,390
153.jpg,1080,607,gun,456,233,575,391
154.jpg,1080,607,gun,457,232,575,385
155.jpg,1080,607,gun,454,231,570,392
156.jpg,1080,607,gun,444,233,571,391
157.jpg,1080,607,gun,445,232,574,393
158.jpg,1080,607,gun,443,231,575,392
159.jpg,1080,607,gun,439,231,571,392
16.jpg,1080,607,gun,563,220,690,324
160.jpg,1080,607,gun,436,233,575,392
161.jpg,1080,607,gun,433,232,574,392
162.jpg,1080,607,gun,429,231,572,393
163.jpg,1080,607,gun,428,232,570,395
164.jpg,1080,607,gun,425,234,568,400
165.jpg,1080,607,gun,418,234,570,405
166.jpg,1080,607,gun,417,236,568,396
167.jpg,1080,607,gun,414,236,571,404
168.jpg,1080,607,gun,408,235,568,406
169.jpg,1080,607,gun,410,236,569,400
17.jpg,1080,607,gun,560,220,692,319
170.jpg,1080,607,gun,401,237,565,401
171.jpg,1080,607,gun,401,235,565,398
172.jpg,1080,607,gun,397,237,567,398
173.jpg,1080,607,gun,394,236,565,402
174.jpg,1080,607,gun,392,237,564,405
175.jpg,1080,607,gun,392,236,564,404
176.jpg,1080,607,gun,387,235,569,401
177.jpg,1080,607,gun,384,235,563,406
178.jpg,1080,607,gun,383,235,561,400
179.jpg,1080,607,gun,376,234,558,406
18.jpg,1080,607,gun,568,219,694,321
180.jpg,1080,607,gun,373,234,557,402
181.jpg,1080,607,gun,372,236,565,406
182.jpg,1080,607,gun,371,236,557,392
183.jpg,1080,607,gun,369,233,554,405
184.jpg,1080,607,gun,366,235,563,405
185.jpg,1080,607,gun,363,234,556,389
186.jpg,1080,607,gun,360,235,557,394
187.jpg,1080,607,gun,357,239,555,409
188.jpg,1080,607,gun,358,235,553,415
189.jpg,1080,607,gun,357,236,567,430
19.jpg,1080,607,gun,572,219,692,318
190.jpg,1080,607,gun,359,237,559,398
191.jpg,1080,607,gun,357,238,556,403
192.jpg,1080,607,gun,359,235,560,402
193.jpg,1080,607,gun,359,238,561,393
194.jpg,1080,607,gun,360,238,559,392
195.jpg,1080,607,gun,356,238,559,400
196.jpg,1080,607,gun,359,239,563,403
197.jpg,1080,607,gun,359,241,561,392
198.jpg,1080,607,gun,358,244,556,394
199.jpg,1080,607,gun,360,243,565,401
2.jpg,1080,607,gun,536,225,663,323
20.jpg,1080,607,gun,573,218,697,319
200.jpg,1080,607,gun,359,238,569,407
201.jpg,1080,607,gun,359,236,569,405
202.jpg,1080,607,gun,364,237,571,412
203.jpg,1080,607,gun,359,241,568,399
204.jpg,1080,607,gun,366,246,568,400
205.jpg,1080,607,gun,367,244,576,405
206.jpg,1080,607,gun,367,244,575,401
207.jpg,1080,607,gun,371,238,578,398
208.jpg,1080,607,gun,379,237,585,401
209.jpg,1080,607,gun,385,235,588,391
21.jpg,1080,607,gun,566,218,700,329
210.jpg,1080,607,gun,381,236,593,392
211.jpg,1080,607,gun,389,236,594,394
212.jpg,1080,607,gun,387,238,596,392
213.jpg,1080,607,gun,389,234,598,390
214.jpg,1080,607,gun,386,235,606,385
215.jpg,1080,607,gun,385,233,600,395
216.jpg,1080,607,gun,388,232,599,394
217.jpg,1080,607,gun,389,235,606,404
218.jpg,1080,607,gun,389,237,607,398
219.jpg,1080,607,gun,389,236,608,396
22.jpg,1080,607,gun,570,220,699,321
220.jpg,1080,607,gun,396,237,609,387
221.jpg,1080,607,gun,399,237,614,394
222.jpg,1080,607,gun,392,236,615,402
223.jpg,1080,607,gun,397,237,614,390
224.jpg,1080,607,gun,407,239,615,373
225.jpg,1080,607,gun,394,236,624,379
226.jpg,1080,607,gun,396,237,621,372
227.jpg,1080,607,gun,397,237,618,384
228.jpg,1080,607,gun,402,231,615,386
229.jpg,1080,607,gun,403,234,626,389
23.jpg,1080,607,gun,574,219,697,320
230.jpg,1080,607,gun,398,234,623,378
231.jpg,1080,607,gun,397,235,625,373
232.jpg,1080,607,gun,397,233,623,372
233.jpg,1080,607,gun,397,236,621,375
234.jpg,1080,607,gun,396,234,623,384
235.jpg,1080,607,gun,387,233,620,375
236.jpg,1080,607,gun,395,232,629,378
237.jpg,1080,607,gun,392,232,625,385
238.jpg,1080,607,gun,388,233,623,386
239.jpg,1080,607,gun,399,231,626,382
24.jpg,1080,607,gun,576,219,700,332
240.jpg,1080,607,gun,402,233,621,379
241.jpg,1080,607,gun,387,232,625,386
242.jpg,1080,607,gun,393,233,627,393
243.jpg,1080,607,gun,388,230,627,398
244.jpg,1080,607,gun,392,231,641,390
245.jpg,1080,607,gun,395,232,641,408
246.jpg,1080,607,gun,398,230,640,387
247.jpg,1080,607,gun,398,231,647,376
248.jpg,1080,607,gun,398,229,650,395
249.jpg,1080,607,gun,399,230,652,400
25.jpg,1080,607,gun,576,220,699,322
250.jpg,1080,607,gun,408,230,646,385
251.jpg,1080,607,gun,396,224,647,368
251.jpg,1080,607,gun,396,224,647,368
251.jpg,1080,607,gun,396,224,647,368
251.jpg,1080,607,gun,396,224,647,368
255.jpg,1080,607,gun,406,222,657,366
256.jpg,1080,607,gun,406,224,657,368
257.jpg,1080,607,gun,409,224,660,368
258.jpg,1080,607,gun,412,229,663,373
259.jpg,1080,607,gun,414,224,665,368
26.jpg,1080,607,gun,576,219,697,329
260.jpg,1080,607,gun,418,224,669,368
261.jpg,1080,607,gun,419,224,670,368
262.jpg,1080,607,gun,421,223,672,367
263.jpg,1080,607,gun,422,223,673,367
264.jpg,1080,607,gun,425,223,676,367
265.jpg,1080,607,gun,428,223,679,367
265.jpg,1080,607,gun,428,223,679,367
265.jpg,1080,607,gun,428,223,679,367
268.jpg,1080,607,gun,419,220,689,359
268.jpg,1080,607,gun,419,220,689,359
27.jpg,1080,607,gun,575,222,697,323
268.jpg,1080,607,gun,419,220,689,359
268.jpg,1080,607,gun,419,220,689,359
268.jpg,1080,607,gun,419,220,689,359
273.jpg,1080,607,gun,422,220,692,359
274.jpg,1080,607,gun,424,220,694,359
275.jpg,1080,607,gun,423,220,693,359
276.jpg,1080,607,gun,424,219,694,358
277.jpg,1080,607,gun,424,220,694,359
278.jpg,1080,607,gun,422,220,692,359
279.jpg,1080,607,gun,423,220,693,359
28.jpg,1080,607,gun,575,219,704,324
280.jpg,1080,607,gun,421,220,691,359
281.jpg,1080,607,gun,421,220,691,359
282.jpg,1080,607,gun,421,220,691,359
283.jpg,1080,607,gun,421,220,691,359
268.jpg,1080,607,gun,419,220,689,359
268.jpg,1080,607,gun,419,220,689,359
286.jpg,1080,607,gun,417,221,687,360
287.jpg,1080,607,gun,409,220,689,359
288.jpg,1080,607,gun,410,220,688,362
289.jpg,1080,607,gun,410,220,689,357
29.jpg,1080,607,gun,580,220,700,317
290.jpg,1080,607,gun,411,220,689,359
291.jpg,1080,607,gun,411,220,689,361
292.jpg,1080,607,gun,409,220,689,359
293.jpg,1080,607,gun,402,220,689,355
294.jpg,1080,607,gun,400,220,689,352
294.jpg,1080,607,gun,400,220,689,352
294.jpg,1080,607,gun,400,220,689,352
294.jpg,1080,607,gun,400,220,689,352
294.jpg,1080,607,gun,400,220,689,352
299.jpg,1080,607,gun,400,220,689,352
3.jpg,1080,607,gun,545,225,665,331
30.jpg,1080,607,gun,576,216,706,333
294.jpg,1080,607,gun,400,220,689,352
301.jpg,1080,607,gun,387,216,676,348
302.jpg,1080,607,gun,385,220,674,352
303.jpg,1080,607,gun,383,220,672,352
304.jpg,1080,607,gun,383,220,672,352
305.jpg,1080,607,gun,382,220,671,352
306.jpg,1080,607,gun,379,220,668,352
307.jpg,1080,607,gun,377,216,666,348
308.jpg,1080,607,gun,374,216,663,348
309.jpg,1080,607,gun,370,218,659,350
31.jpg,1080,607,gun,579,217,702,328
310.jpg,1080,607,gun,369,220,658,352
311.jpg,1080,607,gun,365,224,654,356
312.jpg,1080,607,gun,364,224,653,356
313.jpg,1080,607,gun,362,223,651,355
313.jpg,1080,607,gun,362,223,651,355
315.jpg,1080,607,gun,357,223,646,355
316.jpg,1080,607,gun,352,224,641,356
317.jpg,1080,607,gun,349,223,638,355
318.jpg,1080,607,gun,350,225,639,357
319.jpg,1080,607,gun,351,225,640,357
32.jpg,1080,607,gun,574,217,699,325
320.jpg,1080,607,gun,348,222,637,354
321.jpg,1080,607,gun,345,233,634,365
322.jpg,1080,607,gun,339,234,628,366
323.jpg,1080,607,gun,337,235,626,367
323.jpg,1080,607,gun,337,235,626,367
325.jpg,1080,607,gun,337,235,618,362
326.jpg,1080,607,gun,337,235,614,368
327.jpg,1080,607,gun,337,235,609,368
328.jpg,1080,607,gun,337,235,609,367
329.jpg,1080,607,gun,337,235,602,362
33.jpg,1080,607,gun,575,220,700,330
330.jpg,1080,607,gun,333,225,594,361
331.jpg,1080,607,gun,330,220,594,370
332.jpg,1080,607,gun,336,223,596,372
333.jpg,1080,607,gun,332,218,592,361
334.jpg,1080,607,gun,337,218,585,362
335.jpg,1080,607,gun,337,213,587,346
336.jpg,1080,607,gun,337,209,581,362
337.jpg,1080,607,gun,337,213,589,359
338.jpg,1080,607,gun,337,213,578,366
339.jpg,1080,607,gun,340,206,576,370
34.jpg,1080,607,gun,572,219,698,338
340.jpg,1080,607,gun,342,199,570,364
341.jpg,1080,607,gun,342,199,570,363
342.jpg,1080,607,gun,343,195,571,359
343.jpg,1080,607,gun,344,187,565,350
344.jpg,1080,607,gun,343,183,562,348
345.jpg,1080,607,gun,343,176,565,340
346.jpg,1080,607,gun,341,175,562,340
347.jpg,1080,607,gun,339,170,554,335
348.jpg,1080,607,gun,335,166,550,345
349.jpg,1080,607,gun,334,161,537,327
35.jpg,1080,607,gun,576,221,703,321
350.jpg,1080,607,gun,329,152,537,331
351.jpg,1080,607,gun,331,150,532,337
351.jpg,1080,607,gun,331,150,532,337
353.jpg,1080,607,gun,331,150,523,392
354.jpg,1080,607,gun,333,140,526,394
354.jpg,1080,607,gun,333,140,526,394
356.jpg,1080,607,gun,327,133,526,394
357.jpg,1080,607,gun,329,127,526,394
358.jpg,1080,607,gun,328,122,526,394
359.jpg,1080,607,gun,331,118,526,394
36.jpg,1080,607,gun,576,219,699,330
360.jpg,1080,607,gun,332,107,526,394
361.jpg,1080,607,gun,340,100,519,407
362.jpg,1080,607,gun,346,92,518,403
363.jpg,1080,607,gun,350,94,516,401
364.jpg,1080,607,gun,349,90,522,397
365.jpg,1080,607,gun,354,87,527,409
366.jpg,1080,607,gun,365,87,519,407
367.jpg,1080,607,gun,368,83,524,402
368.jpg,1080,607,gun,373,86,527,407
368.jpg,1080,607,gun,373,86,527,407
37.jpg,1080,607,gun,575,222,698,330
370.jpg,1080,607,gun,379,75,527,407
371.jpg,1080,607,gun,388,76,527,407
372.jpg,1080,607,gun,394,90,537,413
373.jpg,1080,607,gun,393,89,547,410
374.jpg,1080,607,gun,411,91,542,410
375.jpg,1080,607,gun,420,91,548,411
376.jpg,1080,607,gun,428,94,550,419
377.jpg,1080,607,gun,432,97,550,419
378.jpg,1080,607,gun,438,98,554,415
379.jpg,1080,607,gun,444,99,559,427
38.jpg,1080,607,gun,572,223,698,324
379.jpg,1080,607,gun,444,99,559,427
379.jpg,1080,607,gun,444,99,559,427
379.jpg,1080,607,gun,444,99,559,427
379.jpg,1080,607,gun,444,99,559,427
379.jpg,1080,607,gun,444,99,559,427
379.jpg,1080,607,gun,444,99,559,427
379.jpg,1080,607,gun,444,99,559,427
379.jpg,1080,607,gun,444,99,559,427
388.jpg,1080,607,gun,451,99,566,427
389.jpg,1080,607,gun,461,103,563,407
39.jpg,1080,607,gun,569,224,695,324
390.jpg,1080,607,gun,466,109,561,406
391.jpg,1080,607,gun,461,106,559,401
391.jpg,1080,607,gun,461,106,559,401
391.jpg,1080,607,gun,461,106,559,401
391.jpg,1080,607,gun,461,106,559,401
391.jpg,1080,607,gun,461,106,559,401
396.jpg,1080,607,gun,461,106,555,389
397.jpg,1080,607,gun,461,106,557,385
398.jpg,1080,607,gun,461,106,559,385
399.jpg,1080,607,gun,461,106,558,381
4.jpg,1080,607,gun,544,224,667,323
40.jpg,1080,607,gun,576,225,701,333
400.jpg,1080,607,gun,461,106,558,376
401.jpg,1080,607,gun,461,106,557,375
402.jpg,1080,607,gun,461,106,561,381
403.jpg,1080,607,gun,461,106,557,368
403.jpg,1080,607,gun,461,106,557,368
403.jpg,1080,607,gun,461,106,557,368
406.jpg,1080,607,gun,461,101,557,368
407.jpg,1080,607,gun,461,101,558,368
408.jpg,1080,607,gun,461,102,558,368
403.jpg,1080,607,gun,461,106,557,368
41.jpg,1080,607,gun,571,223,700,342
403.jpg,1080,607,gun,461,106,557,368
403.jpg,1080,607,gun,461,106,557,368
403.jpg,1080,607,gun,461,106,557,368
403.jpg,1080,607,gun,461,106,557,368
403.jpg,1080,607,gun,461,106,557,368
403.jpg,1080,607,gun,461,106,557,368
403.jpg,1080,607,gun,461,106,557,368
403.jpg,1080,607,gun,461,106,557,368
403.jpg,1080,607,gun,461,106,557,368
403.jpg,1080,607,gun,461,106,557,368
42.jpg,1080,607,gun,570,224,692,342
403.jpg,1080,607,gun,461,106,557,368
403.jpg,1080,607,gun,461,106,557,368
403.jpg,1080,607,gun,461,106,557,368
403.jpg,1080,607,gun,461,106,557,368
403.jpg,1080,607,gun,461,106,557,368
403.jpg,1080,607,gun,461,106,557,368
403.jpg,1080,607,gun,461,106,557,368
403.jpg,1080,607,gun,461,106,557,368
403.jpg,1080,607,gun,461,106,557,368
403.jpg,1080,607,gun,461,106,557,368
43.jpg,1080,607,gun,576,228,697,336
403.jpg,1080,607,gun,461,106,557,368
403.jpg,1080,607,gun,461,106,557,368
432.jpg,1080,607,gun,461,122,540,368
432.jpg,1080,607,gun,461,122,540,368
432.jpg,1080,607,gun,461,122,540,368
432.jpg,1080,607,gun,461,122,540,368
432.jpg,1080,607,gun,461,122,540,368
432.jpg,1080,607,gun,461,122,540,368
432.jpg,1080,607,gun,461,122,540,368
432.jpg,1080,607,gun,461,122,540,368
44.jpg,1080,607,gun,571,227,694,338
432.jpg,1080,607,gun,461,122,540,368
432.jpg,1080,607,gun,461,122,540,368
432.jpg,1080,607,gun,461,122,540,368
432.jpg,1080,607,gun,461,122,540,368
432.jpg,1080,607,gun,461,122,540,368
432.jpg,1080,607,gun,461,122,540,368
432.jpg,1080,607,gun,461,122,540,368
432.jpg,1080,607,gun,461,122,540,368
432.jpg,1080,607,gun,461,122,540,368
432.jpg,1080,607,gun,461,122,540,368
45.jpg,1080,607,gun,571,229,693,338
432.jpg,1080,607,gun,461,122,540,368
432.jpg,1080,607,gun,461,122,540,368
432.jpg,1080,607,gun,461,122,540,368
432.jpg,1080,607,gun,461,122,540,368
432.jpg,1080,607,gun,461,122,540,368
432.jpg,1080,607,gun,461,122,540,368
432.jpg,1080,607,gun,461,122,540,368
432.jpg,1080,607,gun,461,122,540,368
432.jpg,1080,607,gun,461,122,540,368
459.jpg,1080,607,gun,466,124,545,370
46.jpg,1080,607,gun,569,230,692,346
460.jpg,1080,607,gun,468,122,547,368
461.jpg,1080,607,gun,468,120,547,366
462.jpg,1080,607,gun,461,122,546,366
462.jpg,1080,607,gun,461,122,546,366
464.jpg,1080,607,gun,461,122,549,364
465.jpg,1080,607,gun,461,122,549,366
466.jpg,1080,607,gun,470,126,555,370
467.jpg,1080,607,gun,473,129,558,374
467.jpg,1080,607,gun,473,129,558,374
467.jpg,1080,607,gun,473,129,558,374
47.jpg,1080,607,gun,566,232,688,352
467.jpg,1080,607,gun,473,129,558,374
467.jpg,1080,607,gun,473,129,558,374
472.jpg,1080,607,gun,477,131,562,376
473.jpg,1080,607,gun,478,130,563,375
474.jpg,1080,607,gun,477,129,562,374
475.jpg,1080,607,gun,481,134,566,379
476.jpg,1080,607,gun,481,130,566,375
477.jpg,1080,607,gun,480,133,565,378
478.jpg,1080,607,gun,485,135,570,380
479.jpg,1080,607,gun,481,134,566,379
48.jpg,1080,607,gun,569,233,690,339
480.jpg,1080,607,gun,480,134,565,379
481.jpg,1080,607,gun,481,132,566,377
482.jpg,1080,607,gun,481,131,566,376
483.jpg,1080,607,gun,483,131,568,376
484.jpg,1080,607,gun,482,127,567,372
484.jpg,1080,607,gun,482,127,567,372
484.jpg,1080,607,gun,482,127,567,372
484.jpg,1080,607,gun,482,127,567,372
488.jpg,1080,607,gun,482,120,566,372
488.jpg,1080,607,gun,482,120,566,372
49.jpg,1080,607,gun,574,237,688,348
490.jpg,1080,607,gun,482,120,565,383
491.jpg,1080,607,gun,482,120,565,381
492.jpg,1080,607,gun,482,120,567,377
493.jpg,1080,607,gun,482,115,566,380
494.jpg,1080,607,gun,482,113,565,384
495.jpg,1080,607,gun,482,116,563,381
496.jpg,1080,607,gun,482,111,563,387
497.jpg,1080,607,gun,482,120,562,390
498.jpg,1080,607,gun,482,114,566,388
499.jpg,1080,607,gun,483,118,563,393
5.jpg,1080,607,gun,554,229,670,333
50.jpg,1080,607,gun,573,236,687,343
500.jpg,1080,607,gun,482,116,562,388
501.jpg,1080,607,gun,468,123,569,370
502.jpg,1080,607,gun,475,127,557,365
503.jpg,1080,607,gun,474,128,564,370
504.jpg,1080,607,gun,478,125,569,371
505.jpg,1080,607,gun,478,132,568,370
506.jpg,1080,607,gun,477,136,575,370
507.jpg,1080,607,gun,472,140,580,368
508.jpg,1080,607,gun,475,142,578,369
509.jpg,1080,607,gun,473,149,587,375
51.jpg,1080,607,gun,568,234,695,345
510.jpg,1080,607,gun,475,150,591,369
511.jpg,1080,607,gun,476,156,600,366
512.jpg,1080,607,gun,478,161,604,368
513.jpg,1080,607,gun,478,167,606,360
514.jpg,1080,607,gun,482,170,614,368
515.jpg,1080,607,gun,482,178,613,362
516.jpg,1080,607,gun,482,184,616,362
517.jpg,1080,607,gun,483,188,617,357
518.jpg,1080,607,gun,481,192,621,356
519.jpg,1080,607,gun,482,197,619,353
52.jpg,1080,607,gun,569,235,689,346
520.jpg,1080,607,gun,482,196,622,350
521.jpg,1080,607,gun,483,190,623,348
522.jpg,1080,607,gun,482,185,629,349
523.jpg,1080,607,gun,485,186,632,342
524.jpg,1080,607,gun,479,184,633,347
525.jpg,1080,607,gun,475,183,634,340
526.jpg,1080,607,gun,471,175,637,340
527.jpg,1080,607,gun,477,170,639,340
528.jpg,1080,607,gun,482,178,639,336
529.jpg,1080,607,gun,488,175,640,334
53.jpg,1080,607,gun,574,238,688,353
530.jpg,1080,607,gun,473,171,641,330
531.jpg,1080,607,gun,478,167,639,326
532.jpg,1080,607,gun,475,167,642,326
533.jpg,1080,607,gun,472,170,642,328
534.jpg,1080,607,gun,478,167,638,332
535.jpg,1080,607,gun,464,171,640,332
536.jpg,1080,607,gun,476,172,639,334
537.jpg,1080,607,gun,476,175,641,345
538.jpg,1080,607,gun,474,175,637,333
539.jpg,1080,607,gun,472,174,645,338
54.jpg,1080,607,gun,565,242,689,351
540.jpg,1080,607,gun,472,178,640,340
541.jpg,1080,607,gun,472,177,643,341
542.jpg,1080,607,gun,466,176,640,344
543.jpg,1080,607,gun,476,182,637,347
544.jpg,1080,607,gun,463,183,641,348
545.jpg,1080,607,gun,466,186,627,335
546.jpg,1080,607,gun,472,188,628,352
547.jpg,1080,607,gun,475,184,626,348
548.jpg,1080,607,gun,461,181,626,354
549.jpg,1080,607,gun,476,186,632,368
55.jpg,1080,607,gun,572,237,685,361
550.jpg,1080,607,gun,475,193,626,367
551.jpg,1080,607,gun,473,192,618,366
552.jpg,1080,607,gun,462,192,624,374
553.jpg,1080,607,gun,461,192,618,370
554.jpg,1080,607,gun,466,188,617,387
555.jpg,1080,607,gun,461,196,615,388
556.jpg,1080,607,gun,464,202,615,390
557.jpg,1080,607,gun,454,200,612,390
558.jpg,1080,607,gun,448,205,608,392
559.jpg,1080,607,gun,455,209,614,394
56.jpg,1080,607,gun,565,239,681,362
560.jpg,1080,607,gun,454,207,608,406
561.jpg,1080,607,gun,447,208,613,405
562.jpg,1080,607,gun,451,202,609,413
563.jpg,1080,607,gun,460,213,610,414
564.jpg,1080,607,gun,449,216,608,416
565.jpg,1080,607,gun,447,215,612,418
566.jpg,1080,607,gun,447,217,614,424
567.jpg,1080,607,gun,451,220,611,422
568.jpg,1080,607,gun,452,220,610,429
569.jpg,1080,607,gun,436,228,605,434
57.jpg,1080,607,gun,565,238,676,365
570.jpg,1080,607,gun,449,232,605,444
571.jpg,1080,607,gun,446,236,604,440
572.jpg,1080,607,gun,443,235,604,447
573.jpg,1080,607,gun,454,239,605,444
574.jpg,1080,607,gun,441,240,611,454
575.jpg,1080,607,gun,444,241,604,459
576.jpg,1080,607,gun,443,248,610,449
577.jpg,1080,607,gun,431,246,597,452
578.jpg,1080,607,gun,436,250,590,464
579.jpg,1080,607,gun,435,260,591,465
58.jpg,1080,607,gun,573,242,679,355
580.jpg,1080,607,gun,430,262,594,469
581.jpg,1080,607,gun,427,256,589,464
582.jpg,1080,607,gun,415,259,591,470
583.jpg,1080,607,gun,429,264,588,479
584.jpg,1080,607,gun,431,264,583,481
585.jpg,1080,607,gun,429,260,580,476
586.jpg,1080,607,gun,423,265,574,479
587.jpg,1080,607,gun,416,262,569,471
588.jpg,1080,607,gun,408,270,576,472
589.jpg,1080,607,gun,404,267,563,480
59.jpg,1080,607,gun,567,242,676,359
590.jpg,1080,607,gun,412,274,568,474
591.jpg,1080,607,gun,410,270,567,476
592.jpg,1080,607,gun,401,275,566,478
593.jpg,1080,607,gun,405,269,565,478
594.jpg,1080,607,gun,407,265,572,476
595.jpg,1080,607,gun,401,268,571,476
596.jpg,1080,607,gun,400,267,573,486
597.jpg,1080,607,gun,408,266,564,474
598.jpg,1080,607,gun,417,270,567,488
599.jpg,1080,607,gun,410,268,571,489
6.jpg,1080,607,gun,551,228,672,322
60.jpg,1080,607,gun,566,241,682,357
600.jpg,1080,607,gun,411,268,572,480
601.jpg,1080,607,gun,418,274,576,498
602.jpg,1080,607,gun,409,272,575,486
603.jpg,1080,607,gun,400,276,569,491
604.jpg,1080,607,gun,407,276,571,486
605.jpg,1080,607,gun,408,278,564,490
606.jpg,1080,607,gun,411,284,582,508
607.jpg,1080,607,gun,403,281,571,495
608.jpg,1080,607,gun,399,284,575,491
609.jpg,1080,607,gun,409,283,583,506
61.jpg,1080,607,gun,558,244,678,355
610.jpg,1080,607,gun,399,283,584,501
611.jpg,1080,607,gun,405,288,575,506
612.jpg,1080,607,gun,406,289,591,501
613.jpg,1080,607,gun,395,295,580,496
614.jpg,1080,607,gun,393,286,590,501
615.jpg,1080,607,gun,393,282,602,502
616.jpg,1080,607,gun,376,281,590,498
617.jpg,1080,607,gun,379,284,593,495
618.jpg,1080,607,gun,391,284,597,499
619.jpg,1080,607,gun,395,288,591,496
62.jpg,1080,607,gun,566,246,678,356
620.jpg,1080,607,gun,401,286,597,495
621.jpg,1080,607,gun,421,282,601,503
622.jpg,1080,607,gun,411,284,603,494
623.jpg,1080,607,gun,406,268,601,495
624.jpg,1080,607,gun,415,276,599,487
625.jpg,1080,607,gun,395,274,600,495
626.jpg,1080,607,gun,410,270,602,490
627.jpg,1080,607,gun,399,267,607,485
628.jpg,1080,607,gun,411,270,613,488
629.jpg,1080,607,gun,421,258,617,487
63.jpg,1080,607,gun,560,244,669,358
630.jpg,1080,607,gun,434,263,615,496
631.jpg,1080,607,gun,415,255,609,485
632.jpg,1080,607,gun,433,254,633,480
633.jpg,1080,607,gun,416,253,632,489
634.jpg,1080,607,gun,396,252,615,468
635.jpg,1080,607,gun,407,240,649,472
636.jpg,1080,607,gun,444,240,644,469
637.jpg,1080,607,gun,413,242,637,455
638.jpg,1080,607,gun,406,231,648,454
639.jpg,1080,607,gun,406,238,656,460
64.jpg,1080,607,gun,558,242,673,365
640.jpg,1080,607,gun,419,232,652,457
641.jpg,1080,607,gun,414,228,667,450
642.jpg,1080,607,gun,416,230,694,452
643.jpg,1080,607,gun,416,224,684,444
644.jpg,1080,607,gun,428,230,674,442
645.jpg,1080,607,gun,410,229,672,436
646.jpg,1080,607,gun,448,227,683,443
647.jpg,1080,607,gun,466,218,693,437
648.jpg,1080,607,gun,454,231,700,432
649.jpg,1080,607,gun,462,225,732,429
65.jpg,1080,607,gun,566,248,675,377
650.jpg,1080,607,gun,471,231,706,418
651.jpg,1080,607,gun,472,240,718,415
652.jpg,1080,607,gun,464,228,725,412
653.jpg,1080,607,gun,467,233,734,404
654.jpg,1080,607,gun,492,235,759,416
655.jpg,1080,607,gun,485,233,749,403
656.jpg,1080,607,gun,498,218,746,395
657.jpg,1080,607,gun,503,234,755,387
658.jpg,1080,607,gun,487,219,764,392
659.jpg,1080,607,gun,502,237,759,384
66.jpg,1080,607,gun,559,245,673,362
660.jpg,1080,607,gun,475,236,777,387
661.jpg,1080,607,gun,503,238,761,360
662.jpg,1080,607,gun,501,232,759,359
663.jpg,1080,607,gun,486,234,756,372
664.jpg,1080,607,gun,466,238,769,360
665.jpg,1080,607,gun,454,234,766,389
666.jpg,1080,607,gun,490,234,794,372
667.jpg,1080,607,gun,491,231,777,379
668.jpg,1080,607,gun,514,247,763,394
669.jpg,1080,607,gun,505,238,754,402
67.jpg,1080,607,gun,561,250,670,370
670.jpg,1080,607,gun,497,224,766,406
671.jpg,1080,607,gun,504,218,762,413
672.jpg,1080,607,gun,485,210,771,392
673.jpg,1080,607,gun,493,196,753,395
674.jpg,1080,607,gun,497,182,751,387
675.jpg,1080,607,gun,491,176,739,403
676.jpg,1080,607,gun,505,171,741,400
677.jpg,1080,607,gun,493,155,729,391
678.jpg,1080,607,gun,490,150,716,357
679.jpg,1080,607,gun,496,134,699,412
68.jpg,1080,607,gun,557,250,664,372
680.jpg,1080,607,gun,496,126,708,422
681.jpg,1080,607,gun,491,126,697,422
682.jpg,1080,607,gun,496,112,697,430
683.jpg,1080,607,gun,498,119,729,413
684.jpg,1080,607,gun,494,123,716,393
685.jpg,1080,607,gun,485,109,721,385
686.jpg,1080,607,gun,491,98,723,400
687.jpg,1080,607,gun,492,100,692,398
688.jpg,1080,607,gun,494,78,685,435
689.jpg,1080,607,gun,494,90,680,401
69.jpg,1080,607,gun,559,252,664,367
690.jpg,1080,607,gun,489,81,688,413
691.jpg,1080,607,gun,498,84,701,391
692.jpg,1080,607,gun,494,73,707,403
693.jpg,1080,607,gun,491,72,686,410
694.jpg,1080,607,gun,508,79,698,440
695.jpg,1080,607,gun,511,76,708,425
696.jpg,1080,607,gun,510,75,704,444
697.jpg,1080,607,gun,508,79,694,451
698.jpg,1080,607,gun,508,59,755,472
699.jpg,1080,607,gun,530,65,717,420
7.jpg,1080,607,gun,550,224,669,316
70.jpg,1080,607,gun,556,251,668,378
700.jpg,1080,607,gun,542,82,670,429
701.jpg,1080,607,gun,548,79,679,431
702.jpg,1080,607,gun,546,66,728,456
703.jpg,1080,607,gun,563,73,683,404
704.jpg,1080,607,gun,566,73,699,410
705.jpg,1080,607,gun,563,72,691,395
706.jpg,1080,607,gun,567,75,698,428
707.jpg,1080,607,gun,585,69,689,444
708.jpg,1080,607,gun,586,70,694,431
709.jpg,1080,607,gun,580,72,714,426
71.jpg,1080,607,gun,559,248,670,376
710.jpg,1080,607,gun,586,66,719,419
711.jpg,1080,607,gun,601,69,720,415
712.jpg,1080,607,gun,574,68,724,420
713.jpg,1080,607,gun,604,54,726,457
714.jpg,1080,607,gun,610,56,727,438
715.jpg,1080,607,gun,617,53,733,438
716.jpg,1080,607,gun,614,54,721,432
717.jpg,1080,607,gun,611,47,723,440
718.jpg,1080,607,gun,626,50,741,412
719.jpg,1080,607,gun,608,38,724,459
72.jpg,1080,607,gun,552,251,661,366
720.jpg,1080,607,gun,601,29,729,438
721.jpg,1080,607,gun,608,34,714,451
722.jpg,1080,607,gun,607,35,721,418
723.jpg,1080,607,gun,598,20,711,410
724.jpg,1080,607,gun,595,6,704,438
725.jpg,1080,607,gun,589,3,721,431
726.jpg,1080,607,gun,582,6,694,390
727.jpg,1080,607,gun,573,3,707,418
728.jpg,1080,607,gun,571,3,708,413
729.jpg,1080,607,gun,545,1,720,403
73.jpg,1080,607,gun,556,246,663,384
730.jpg,1080,607,gun,548,4,719,400
731.jpg,1080,607,gun,533,1,694,401
732.jpg,1080,607,gun,533,1,686,422
733.jpg,1080,607,gun,513,3,658,404
734.jpg,1080,607,gun,520,1,644,370
735.jpg,1080,607,gun,513,3,636,403
736.jpg,1080,607,gun,494,4,646,412
737.jpg,1080,607,gun,482,4,667,381
738.jpg,1080,607,gun,461,4,642,397
739.jpg,1080,607,gun,451,1,610,428
74.jpg,1080,607,gun,553,253,655,375
740.jpg,1080,607,gun,432,4,611,403
741.jpg,1080,607,gun,420,1,613,422
742.jpg,1080,607,gun,396,1,614,404
743.jpg,1080,607,gun,379,1,602,404
744.jpg,1080,607,gun,370,1,679,418
745.jpg,1080,607,gun,373,1,626,409
746.jpg,1080,607,gun,366,1,592,423
747.jpg,1080,607,gun,370,1,621,412
748.jpg,1080,607,gun,352,1,604,419
749.jpg,1080,607,gun,354,1,642,423
75.jpg,1080,607,gun,556,247,667,381
750.jpg,1080,607,gun,332,1,585,431
751.jpg,1080,607,gun,355,1,646,423
752.jpg,1080,607,gun,353,1,655,420
753.jpg,1080,607,gun,358,1,666,425
754.jpg,1080,607,gun,363,3,661,429
755.jpg,1080,607,gun,364,7,663,433
756.jpg,1080,607,gun,363,6,666,429
757.jpg,1080,607,gun,370,10,671,437
758.jpg,1080,607,gun,376,7,680,438
759.jpg,1080,607,gun,378,9,681,438
76.jpg,1080,607,gun,560,252,661,377
760.jpg,1080,607,gun,387,11,688,436
761.jpg,1080,607,gun,390,10,691,432
762.jpg,1080,607,gun,397,14,695,440
763.jpg,1080,607,gun,400,13,698,439
764.jpg,1080,607,gun,404,14,706,442
765.jpg,1080,607,gun,408,17,707,444
766.jpg,1080,607,gun,412,19,711,446
767.jpg,1080,607,gun,416,22,714,439
768.jpg,1080,607,gun,417,19,734,495
769.jpg,1080,607,gun,423,23,719,428
77.jpg,1080,607,gun,561,253,654,372
770.jpg,1080,607,gun,424,22,722,442
771.jpg,1080,607,gun,426,24,721,441
772.jpg,1080,607,gun,426,26,721,437
773.jpg,1080,607,gun,424,26,719,441
774.jpg,1080,607,gun,422,29,717,447
775.jpg,1080,607,gun,420,29,714,444
776.jpg,1080,607,gun,417,27,714,444
777.jpg,1080,607,gun,413,27,713,452
778.jpg,1080,607,gun,411,28,709,447
779.jpg,1080,607,gun,413,30,709,448
78.jpg,1080,607,gun,556,255,669,375
780.jpg,1080,607,gun,410,30,707,448
781.jpg,1080,607,gun,409,27,708,449
782.jpg,1080,607,gun,408,26,706,448
783.jpg,1080,607,gun,411,24,707,444
784.jpg,1080,607,gun,410,24,708,440
785.jpg,1080,607,gun,409,23,706,446
786.jpg,1080,607,gun,407,26,706,443
787.jpg,1080,607,gun,407,26,703,448
788.jpg,1080,607,gun,404,27,703,447
789.jpg,1080,607,gun,404,26,703,446
79.jpg,1080,607,gun,553,253,656,373
790.jpg,1080,607,gun,406,28,704,446
791.jpg,1080,607,gun,404,24,707,451
792.jpg,1080,607,gun,409,27,706,450
793.jpg,1080,607,gun,408,27,710,446
794.jpg,1080,607,gun,404,24,706,452
795.jpg,1080,607,gun,406,28,706,448
796.jpg,1080,607,gun,406,23,704,452
797.jpg,1080,607,gun,406,29,704,453
798.jpg,1080,607,gun,409,24,707,452
799.jpg,1080,607,gun,410,27,703,443
8.jpg,1080,607,gun,552,225,684,323
80.jpg,1080,607,gun,563,260,657,361
800.jpg,1080,607,gun,409,28,703,450
801.jpg,1080,607,gun,412,27,702,452
802.jpg,1080,607,gun,409,29,701,446
803.jpg,1080,607,gun,410,30,702,454
804.jpg,1080,607,gun,409,30,699,458
805.jpg,1080,607,gun,410,31,700,447
806.jpg,1080,607,gun,410,33,700,451
807.jpg,1080,607,gun,411,33,699,453
808.jpg,1080,607,gun,413,31,700,450
809.jpg,1080,607,gun,411,28,701,460
81.jpg,1080,607,gun,545,258,664,367
810.jpg,1080,607,gun,413,29,700,452
811.jpg,1080,607,gun,414,30,707,450
812.jpg,1080,607,gun,416,28,702,462
813.jpg,1080,607,gun,418,24,703,451
814.jpg,1080,607,gun,422,22,710,449
815.jpg,1080,607,gun,426,24,709,449
816.jpg,1080,607,gun,435,20,718,448
817.jpg,1080,607,gun,438,23,720,448
818.jpg,1080,607,gun,446,15,724,449
819.jpg,1080,607,gun,450,20,731,447
82.jpg,1080,607,gun,560,257,661,377
820.jpg,1080,607,gun,461,20,732,453
821.jpg,1080,607,gun,462,16,740,448
822.jpg,1080,607,gun,473,16,751,451
823.jpg,1080,607,gun,473,18,758,448
824.jpg,1080,607,gun,481,15,768,450
825.jpg,1080,607,gun,482,16,772,451
826.jpg,1080,607,gun,490,17,793,453
827.jpg,1080,607,gun,491,20,804,449
828.jpg,1080,607,gun,498,18,810,450
829.jpg,1080,607,gun,502,21,816,449
83.jpg,1080,607,gun,570,259,651,370
830.jpg,1080,607,gun,503,18,824,451
831.jpg,1080,607,gun,504,22,830,448
832.jpg,1080,607,gun,513,24,842,452
833.jpg,1080,607,gun,517,27,846,448
834.jpg,1080,607,gun,519,30,851,447
835.jpg,1080,607,gun,523,30,855,453
836.jpg,1080,607,gun,528,32,860,450
837.jpg,1080,607,gun,531,31,864,448
838.jpg,1080,607,gun,532,41,873,441
839.jpg,1080,607,gun,535,41,873,450
84.jpg,1080,607,gun,553,257,673,376
840.jpg,1080,607,gun,540,42,881,450
841.jpg,1080,607,gun,541,46,886,446
842.jpg,1080,607,gun,552,51,891,451
843.jpg,1080,607,gun,553,56,896,450
844.jpg,1080,607,gun,557,60,897,447
845.jpg,1080,607,gun,559,64,899,448
846.jpg,1080,607,gun,560,70,896,449
847.jpg,1080,607,gun,560,72,898,447
848.jpg,1080,607,gun,560,75,895,452
849.jpg,1080,607,gun,558,78,896,446
85.jpg,1080,607,gun,549,257,657,372
850.jpg,1080,607,gun,557,81,893,448
851.jpg,1080,607,gun,554,83,892,448
852.jpg,1080,607,gun,555,86,890,450
853.jpg,1080,607,gun,550,82,883,440
854.jpg,1080,607,gun,540,87,879,440
855.jpg,1080,607,gun,544,91,878,441
856.jpg,1080,607,gun,544,97,869,439
857.jpg,1080,607,gun,539,94,867,449
858.jpg,1080,607,gun,535,99,868,441
859.jpg,1080,607,gun,533,100,858,437
86.jpg,1080,607,gun,558,251,660,387
860.jpg,1080,607,gun,532,103,851,437
861.jpg,1080,607,gun,530,106,844,437
862.jpg,1080,607,gun,530,108,844,432
863.jpg,1080,607,gun,528,111,842,434
864.jpg,1080,607,gun,529,111,839,431
865.jpg,1080,607,gun,528,117,835,433
866.jpg,1080,607,gun,528,117,836,434
867.jpg,1080,607,gun,530,124,832,432
868.jpg,1080,607,gun,531,127,833,435
869.jpg,1080,607,gun,531,129,833,434
87.jpg,1080,607,gun,547,252,660,387
870.jpg,1080,607,gun,530,130,831,430
871.jpg,1080,607,gun,532,131,829,430
872.jpg,1080,607,gun,533,135,829,429
873.jpg,1080,607,gun,535,138,831,428
874.jpg,1080,607,gun,536,141,831,426
875.jpg,1080,607,gun,538,141,832,423
876.jpg,1080,607,gun,543,143,833,422
877.jpg,1080,607,gun,547,142,836,420
878.jpg,1080,607,gun,552,143,839,421
879.jpg,1080,607,gun,555,146,844,415
88.jpg,1080,607,gun,558,256,652,369
880.jpg,1080,607,gun,558,148,846,415
881.jpg,1080,607,gun,562,150,848,414
882.jpg,1080,607,gun,563,151,851,412
883.jpg,1080,607,gun,566,156,852,412
884.jpg,1080,607,gun,569,160,855,415
885.jpg,1080,607,gun,572,166,857,416
886.jpg,1080,607,gun,577,171,862,417
887.jpg,1080,607,gun,581,177,861,420
888.jpg,1080,607,gun,583,180,861,419
889.jpg,1080,607,gun,583,186,863,420
89.jpg,1080,607,gun,567,255,665,386
890.jpg,1080,607,gun,583,191,860,422
891.jpg,1080,607,gun,584,197,861,422
892.jpg,1080,607,gun,583,199,857,424
893.jpg,1080,607,gun,586,203,855,423
894.jpg,1080,607,gun,586,206,858,426
895.jpg,1080,607,gun,586,209,857,426
896.jpg,1080,607,gun,584,212,852,423
897.jpg,1080,607,gun,582,213,849,423
898.jpg,1080,607,gun,582,219,846,422
899.jpg,1080,607,gun,579,221,840,423
9.jpg,1080,607,gun,544,221,679,328
90.jpg,1080,607,gun,550,251,666,374
900.jpg,1080,607,gun,579,224,839,423
901.jpg,1080,607,gun,577,226,837,420
902.jpg,1080,607,gun,576,228,833,420
903.jpg,1080,607,gun,573,232,831,421
904.jpg,1080,607,gun,570,230,823,419
905.jpg,1080,607,gun,571,230,821,418
906.jpg,1080,607,gun,569,235,814,412
907.jpg,1080,607,gun,568,233,812,414
908.jpg,1080,607,gun,563,234,804,413
909.jpg,1080,607,gun,561,231,804,408
91.jpg,1080,607,gun,558,256,661,371
910.jpg,1080,607,gun,559,230,799,404
911.jpg,1080,607,gun,555,231,793,402
912.jpg,1080,607,gun,556,227,790,401
913.jpg,1080,607,gun,554,227,784,399
914.jpg,1080,607,gun,551,228,781,398
915.jpg,1080,607,gun,552,227,781,398
916.jpg,1080,607,gun,550,229,779,396
917.jpg,1080,607,gun,551,227,776,394
918.jpg,1080,607,gun,551,229,773,392
919.jpg,1080,607,gun,552,228,772,391
92.jpg,1080,607,gun,556,249,653,379
920.jpg,1080,607,gun,548,229,772,389
921.jpg,1080,607,gun,550,228,770,388
922.jpg,1080,607,gun,548,231,760,386
923.jpg,1080,607,gun,546,231,757,386
924.jpg,1080,607,gun,541,229,754,389
925.jpg,1080,607,gun,540,231,753,386
926.jpg,1080,607,gun,543,228,750,382
927.jpg,1080,607,gun,539,227,747,380
928.jpg,1080,607,gun,536,226,749,382
929.jpg,1080,607,gun,538,227,746,381
93.jpg,1080,607,gun,560,259,653,371
930.jpg,1080,607,gun,536,226,744,378
931.jpg,1080,607,gun,537,229,742,379
932.jpg,1080,607,gun,536,227,738,379
933.jpg,1080,607,gun,533,226,737,379
934.jpg,1080,607,gun,530,226,736,376
935.jpg,1080,607,gun,527,224,728,375
936.jpg,1080,607,gun,524,223,727,373
937.jpg,1080,607,gun,528,224,723,369
938.jpg,1080,607,gun,529,222,726,367
939.jpg,1080,607,gun,530,222,726,368
94.jpg,1080,607,gun,556,262,650,372
940.jpg,1080,607,gun,529,221,726,370
941.jpg,1080,607,gun,532,220,724,366
942.jpg,1080,607,gun,534,220,724,364
943.jpg,1080,607,gun,537,222,730,366
944.jpg,1080,607,gun,537,222,730,364
945.jpg,1080,607,gun,539,224,728,368
946.jpg,1080,607,gun,538,224,730,367
947.jpg,1080,607,gun,539,224,729,369
948.jpg,1080,607,gun,535,222,735,368
949.jpg,1080,607,gun,535,223,734,369
95.jpg,1080,607,gun,551,253,652,374
950.jpg,1080,607,gun,542,224,733,364
951.jpg,1080,607,gun,540,223,728,369
952.jpg,1080,607,gun,547,222,730,360
953.jpg,1080,607,gun,542,221,730,364
954.jpg,1080,607,gun,543,222,732,367
955.jpg,1080,607,gun,540,222,736,368
956.jpg,1080,607,gun,543,221,736,368
957.jpg,1080,607,gun,544,224,732,363
958.jpg,1080,607,gun,546,221,733,361
959.jpg,1080,607,gun,547,220,731,363
96.jpg,1080,607,gun,554,255,647,380
960.jpg,1080,607,gun,544,223,729,366
961.jpg,1080,607,gun,541,223,728,364
962.jpg,1080,607,gun,540,220,727,372
963.jpg,1080,607,gun,536,222,723,375
964.jpg,1080,607,gun,531,227,720,369
965.jpg,1080,607,gun,531,223,718,372
966.jpg,1080,607,gun,528,223,718,382
967.jpg,1080,607,gun,524,226,713,373
968.jpg,1080,607,gun,520,224,710,366
969.jpg,1080,607,gun,518,224,708,380
97.jpg,1080,607,gun,543,255,649,386
970.jpg,1080,607,gun,508,226,699,381
971.jpg,1080,607,gun,509,227,691,381
972.jpg,1080,607,gun,497,226,687,378
973.jpg,1080,607,gun,498,229,683,382
974.jpg,1080,607,gun,490,227,682,391
975.jpg,1080,607,gun,488,227,675,389
976.jpg,1080,607,gun,482,228,672,393
977.jpg,1080,607,gun,475,230,661,387
978.jpg,1080,607,gun,476,231,654,390
979.jpg,1080,607,gun,469,234,644,389
98.jpg,1080,607,gun,544,255,642,378
980.jpg,1080,607,gun,457,232,635,389
981.jpg,1080,607,gun,457,234,629,397
982.jpg,1080,607,gun,453,231,627,393
983.jpg,1080,607,gun,447,230,620,399
984.jpg,1080,607,gun,444,230,610,398
985.jpg,1080,607,gun,437,227,602,398
986.jpg,1080,607,gun,435,227,598,393
987.jpg,1080,607,gun,433,228,588,393
988.jpg,1080,607,gun,423,224,584,393
989.jpg,1080,607,gun,423,226,581,394
99.jpg,1080,607,gun,547,258,644,379
990.jpg,1080,607,gun,422,222,567,397
991.jpg,1080,607,gun,418,223,566,395
992.jpg,1080,607,gun,415,222,558,394
993.jpg,1080,607,gun,411,221,555,397
994.jpg,1080,607,gun,408,219,552,389
995.jpg,1080,607,gun,413,216,547,395
996.jpg,1080,607,gun,409,214,540,386
997.jpg,1080,607,gun,403,212,540,384
998.jpg,1080,607,gun,407,208,543,390
999.jpg,1080,607,gun,406,209,529,384
